id,scale,method,psnr,ssim,mae
0011ecff-6266-4895-b73c-5766d7109485,2,LARP-Scaler,37.66987228393555,0.8943352103233337,0.008785751648247242
03f56ac9-b513-4476-bd25-665cd3e72244,2,LARP-Scaler,34.270999908447266,0.7735655307769775,0.01450060773640871
0c01876d-809f-4dcb-85c9-3c9b56e36607,2,LARP-Scaler,27.946996688842773,0.683222234249115,0.022888921201229095
0a514f6f-0493-44b7-b3e5-57e6eb23f5df,2,LARP-Scaler,28.56875228881836,0.6179207563400269,0.0265368539839983
0eae6ecc-a148-4840-acc5-d6ef0df1a53b,2,LARP-Scaler,34.27616500854492,0.8660202026367188,0.01322413980960846
0bcdc653-0908-4d94-a73d-e6ef44af41d4,2,LARP-Scaler,36.4444465637207,0.9333238005638123,0.006758606061339378
0fabbb3a-2d80-49d6-bb74-0db1884308b4,2,LARP-Scaler,38.28710174560547,0.9121432304382324,0.008368215523660183
1969798d-9f10-47c7-8174-f09edd723c4d,2,LARP-Scaler,29.297691345214844,0.583614706993103,0.025688735768198967
000ffd84-5baa-410f-bcd4-f573b3ef1e90,2,LARP-Scaler,33.10281753540039,0.8259167671203613,0.015012328512966633
12dfd514-c8fd-43a0-9752-5c115499352c,2,LARP-Scaler,39.75464630126953,0.9689249992370605,0.006031781900674105
1a807899-4d50-4a4b-9889-4bdbaa295837,2,LARP-Scaler,34.87227249145508,0.8878461718559265,0.01177478302270174
08ea6679-7b6b-4a1b-91cd-c3b2cf7c8b2d,2,LARP-Scaler,20.318836212158203,0.3327096998691559,0.07574271410703659
0a18f121-1894-44bc-aed1-64803053eedd,2,LARP-Scaler,20.735198974609375,0.23217763006687164,0.0713442862033844
0e008abf-6508-4d15-b7ab-e16d0934e081,2,LARP-Scaler,33.621910095214844,0.9178690910339355,0.01195153221487999
05f94185-acdd-4e98-8922-541e095de4d2,2,LARP-Scaler,38.987274169921875,0.8946259617805481,0.008666387759149075
0a0f23f3-dd52-4e51-87af-d1adc33eddec,2,LARP-Scaler,29.89537239074707,0.730803906917572,0.020686926320195198
12943f83-8508-4341-aac5-6fe37ce3edc0,2,LARP-Scaler,30.816322326660156,0.8919441103935242,0.010121424682438374
1b1b640c-0d1b-48db-a038-04e7fc1e0833,2,LARP-Scaler,33.452857971191406,0.7385203838348389,0.016639230772852898
12304d70-1817-4fb4-96d7-6bbbd694abb9,2,LARP-Scaler,20.63791275024414,0.5347849130630493,0.06562356650829315
11800abf-3987-40ff-b410-ee7c0c899f0e,2,LARP-Scaler,43.08345031738281,0.9642110466957092,0.004191657993942499
08087bca-b1e9-4000-b5d5-913b1349eec6,2,LARP-Scaler,31.646591186523438,0.942955493927002,0.008480691350996494
04c9b3fc-cdd5-40e3-9306-46da4c1b3b25,2,LARP-Scaler,24.86873435974121,0.7555157542228699,0.03289331495761871
04e95b19-8f60-4f84-9cd1-0582adb58578,2,LARP-Scaler,27.628032684326172,0.7867665886878967,0.022282326593995094
14a76cb3-52f5-445c-a155-2e17b33403d6,2,LARP-Scaler,30.604055404663086,0.9248337149620056,0.014016668312251568
0f06820e-e836-4aeb-81b4-90c28295b48e,2,LARP-Scaler,25.429296493530273,0.5462422966957092,0.03722647204995155
1290c1c9-3d37-4a8b-8055-9f54769debd6,2,LARP-Scaler,31.054468154907227,0.7388082146644592,0.018936684355139732
17754e58-ac02-4a3b-9cda-bfea6af9409e,2,LARP-Scaler,37.95746612548828,0.9017664790153503,0.009446458891034126
01faa991-61f5-40be-ba65-ce64ae42befc,2,LARP-Scaler,38.185211181640625,0.926743745803833,0.008447696454823017
0d522483-8f40-4638-9f38-4e7d92876934,2,LARP-Scaler,29.32209014892578,0.8659582138061523,0.018980057910084724
12343c0c-0c8f-4a47-8a68-a65a1e4aa832,2,LARP-Scaler,29.77525520324707,0.8129940629005432,0.01880919560790062
164d1e74-efb3-4348-8612-02bf4b96efba,2,LARP-Scaler,30.875328063964844,0.6465347409248352,0.02101890929043293
19a76b64-f8cd-49c7-97d5-e552a4d679b6,2,LARP-Scaler,24.542869567871094,0.618558406829834,0.039656903594732285
037e70af-62b9-4bd8-9d24-25133b5d5239,2,LARP-Scaler,32.787899017333984,0.7937338948249817,0.016344385221600533
03c4de9f-8ba2-48b8-b8c6-ac993fb47f70,2,LARP-Scaler,24.964197158813477,0.6585862040519714,0.04343521595001221
08a94143-5e92-4ab8-8551-41ea0bdf198c,2,LARP-Scaler,30.84117889404297,0.8071208000183105,0.02067314274609089
14b64765-efc1-4c01-8478-7a538c1705bb,2,LARP-Scaler,29.080184936523438,0.6711788177490234,0.02651209384202957
0f506845-e6d2-4a1d-bd73-d88664ddcc02,2,LARP-Scaler,29.65364646911621,0.8073789477348328,0.022311056032776833
04cfacf2-6f2a-49b9-ae66-6b1416d61097,2,LARP-Scaler,26.13011360168457,0.6552969217300415,0.029457740485668182
13f659ca-400a-49e2-bfbc-ec6659a5634d,2,LARP-Scaler,27.3055477142334,0.6376402974128723,0.030607648193836212
0f7f0a0d-1d3d-4be7-9870-48625a3b0b20,2,LARP-Scaler,16.891706466674805,0.3724173307418823,0.10721120983362198
18b03d8b-9df0-4438-ba27-fd54a9e6833a,2,LARP-Scaler,27.045976638793945,0.8550364375114441,0.021975615993142128
17421445-d983-4f0b-a7a1-a184f9efc5b5,2,LARP-Scaler,36.01987838745117,0.927004873752594,0.010971415787935257
0ccbfb56-78d2-45f9-88b1-1849b71feed2,2,LARP-Scaler,31.832849502563477,0.8704249262809753,0.014131608419120312
192c9920-d370-4acb-b950-64122720343d,2,LARP-Scaler,24.143756866455078,0.6860928535461426,0.039013009518384933
0fb13d71-a78c-48fa-8680-244877311bd2,2,LARP-Scaler,33.07151412963867,0.8563248515129089,0.013579867780208588
130da723-8982-4a02-89c2-b267a9f6c2fb,2,LARP-Scaler,28.108062744140625,0.8140184879302979,0.022645406424999237
0b75a95e-82c4-481f-9dd7-6c5f2faaaff8,2,LARP-Scaler,26.890766143798828,0.8239924907684326,0.022559458389878273
1360ad02-4b4f-4a98-b1a9-9305909b857d,2,LARP-Scaler,20.726131439208984,0.7899158000946045,0.04025892913341522
0011ecff-6266-4895-b73c-5766d7109485,4,LARP-Scaler,37.997501373291016,0.9103533625602722,0.00803808867931366
03f56ac9-b513-4476-bd25-665cd3e72244,4,LARP-Scaler,34.989925384521484,0.8031384944915771,0.012928972952067852
0c01876d-809f-4dcb-85c9-3c9b56e36607,4,LARP-Scaler,27.01275062561035,0.6889791488647461,0.02366834133863449
0a514f6f-0493-44b7-b3e5-57e6eb23f5df,4,LARP-Scaler,29.700557708740234,0.6639246344566345,0.02313757687807083
0eae6ecc-a148-4840-acc5-d6ef0df1a53b,4,LARP-Scaler,35.36134338378906,0.8958466053009033,0.011586314998567104
0bcdc653-0908-4d94-a73d-e6ef44af41d4,4,LARP-Scaler,35.72184753417969,0.9234498143196106,0.00716083450242877
0fabbb3a-2d80-49d6-bb74-0db1884308b4,4,LARP-Scaler,39.142433166503906,0.934873104095459,0.007318791002035141
1969798d-9f10-47c7-8174-f09edd723c4d,4,LARP-Scaler,30.256908416748047,0.6238039135932922,0.023151777684688568
000ffd84-5baa-410f-bcd4-f573b3ef1e90,4,LARP-Scaler,33.467132568359375,0.8501423001289368,0.013928607106208801
12dfd514-c8fd-43a0-9752-5c115499352c,4,LARP-Scaler,38.882957458496094,0.971688449382782,0.005967020522803068
1a807899-4d50-4a4b-9889-4bdbaa295837,4,LARP-Scaler,36.14484405517578,0.9148088097572327,0.010260277427732944
08ea6679-7b6b-4a1b-91cd-c3b2cf7c8b2d,4,LARP-Scaler,21.0765380859375,0.3612949550151825,0.06912488490343094
0a18f121-1894-44bc-aed1-64803053eedd,4,LARP-Scaler,21.972076416015625,0.2654750943183899,0.06248912587761879
0e008abf-6508-4d15-b7ab-e16d0934e081,4,LARP-Scaler,33.53921127319336,0.9260630011558533,0.011509506963193417
05f94185-acdd-4e98-8922-541e095de4d2,4,LARP-Scaler,40.12702178955078,0.9227359890937805,0.007403332740068436
0a0f23f3-dd52-4e51-87af-d1adc33eddec,4,LARP-Scaler,29.930530548095703,0.7449849247932434,0.019235054031014442
12943f83-8508-4341-aac5-6fe37ce3edc0,4,LARP-Scaler,30.838294982910156,0.8835656046867371,0.01023701298981905
1b1b640c-0d1b-48db-a038-04e7fc1e0833,4,LARP-Scaler,34.61478805541992,0.7934109568595886,0.01443446334451437
12304d70-1817-4fb4-96d7-6bbbd694abb9,4,LARP-Scaler,21.79193115234375,0.5756368041038513,0.05791185423731804
11800abf-3987-40ff-b410-ee7c0c899f0e,4,LARP-Scaler,42.27113342285156,0.9674870371818542,0.004070245195180178
08087bca-b1e9-4000-b5d5-913b1349eec6,4,LARP-Scaler,32.3682746887207,0.9476332664489746,0.007949878461658955
04c9b3fc-cdd5-40e3-9306-46da4c1b3b25,4,LARP-Scaler,25.69059181213379,0.7841420769691467,0.02967647649347782
04e95b19-8f60-4f84-9cd1-0582adb58578,4,LARP-Scaler,28.558950424194336,0.8148694038391113,0.019701089709997177
14a76cb3-52f5-445c-a155-2e17b33403d6,4,LARP-Scaler,29.342039108276367,0.909524142742157,0.01605231687426567
0f06820e-e836-4aeb-81b4-90c28295b48e,4,LARP-Scaler,26.013038635253906,0.5781964659690857,0.03444262221455574
1290c1c9-3d37-4a8b-8055-9f54769debd6,4,LARP-Scaler,31.72710418701172,0.7638025283813477,0.01744408719241619
17754e58-ac02-4a3b-9cda-bfea6af9409e,4,LARP-Scaler,38.87181854248047,0.92912358045578,0.008340936154127121
01faa991-61f5-40be-ba65-ce64ae42befc,4,LARP-Scaler,37.911231994628906,0.9253029823303223,0.008564668707549572
0d522483-8f40-4638-9f38-4e7d92876934,4,LARP-Scaler,30.01795196533203,0.8857619762420654,0.017091715708374977
12343c0c-0c8f-4a47-8a68-a65a1e4aa832,4,LARP-Scaler,31.03832244873047,0.8493420481681824,0.016384972259402275
164d1e74-efb3-4348-8612-02bf4b96efba,4,LARP-Scaler,31.441896438598633,0.6721708178520203,0.019588032737374306
19a76b64-f8cd-49c7-97d5-e552a4d679b6,4,LARP-Scaler,25.69618034362793,0.6737260818481445,0.03484204784035683
037e70af-62b9-4bd8-9d24-25133b5d5239,4,LARP-Scaler,33.530174255371094,0.8264309763908386,0.014779426157474518
03c4de9f-8ba2-48b8-b8c6-ac993fb47f70,4,LARP-Scaler,26.18082046508789,0.7174189686775208,0.03779846057295799
08a94143-5e92-4ab8-8551-41ea0bdf198c,4,LARP-Scaler,32.10544967651367,0.8643229007720947,0.017205147072672844
14b64765-efc1-4c01-8478-7a538c1705bb,4,LARP-Scaler,29.89725112915039,0.7142384648323059,0.023923980072140694
0f506845-e6d2-4a1d-bd73-d88664ddcc02,4,LARP-Scaler,30.034303665161133,0.8138487935066223,0.021418245509266853
04cfacf2-6f2a-49b9-ae66-6b1416d61097,4,LARP-Scaler,24.234010696411133,0.6712610125541687,0.03265475854277611
13f659ca-400a-49e2-bfbc-ec6659a5634d,4,LARP-Scaler,28.700267791748047,0.7098776698112488,0.025959722697734833
0f7f0a0d-1d3d-4be7-9870-48625a3b0b20,4,LARP-Scaler,17.576128005981445,0.3732513189315796,0.10300400108098984
18b03d8b-9df0-4438-ba27-fd54a9e6833a,4,LARP-Scaler,27.764629364013672,0.8690884709358215,0.020311102271080017
17421445-d983-4f0b-a7a1-a184f9efc5b5,4,LARP-Scaler,36.75843048095703,0.9413755536079407,0.010026187635958195
0ccbfb56-78d2-45f9-88b1-1849b71feed2,4,LARP-Scaler,32.76335906982422,0.8886545300483704,0.012849156744778156
192c9920-d370-4acb-b950-64122720343d,4,LARP-Scaler,24.87574577331543,0.7058393359184265,0.036232877522706985
0fb13d71-a78c-48fa-8680-244877311bd2,4,LARP-Scaler,33.27895736694336,0.8731355667114258,0.012938283383846283
130da723-8982-4a02-89c2-b267a9f6c2fb,4,LARP-Scaler,29.339048385620117,0.8472411036491394,0.01973036304116249
0b75a95e-82c4-481f-9dd7-6c5f2faaaff8,4,LARP-Scaler,27.700401306152344,0.8500847220420837,0.02034684456884861
1360ad02-4b4f-4a98-b1a9-9305909b857d,4,LARP-Scaler,19.62312126159668,0.7763951420783997,0.04789017513394356
0011ecff-6266-4895-b73c-5766d7109485,8,LARP-Scaler,35.16749954223633,0.8994715809822083,0.009151645004749298
03f56ac9-b513-4476-bd25-665cd3e72244,8,LARP-Scaler,34.28102111816406,0.7798140048980713,0.01370750367641449
0c01876d-809f-4dcb-85c9-3c9b56e36607,8,LARP-Scaler,25.134540557861328,0.6494719386100769,0.027380352839827538
0a514f6f-0493-44b7-b3e5-57e6eb23f5df,8,LARP-Scaler,29.579044342041016,0.6548156142234802,0.023411480709910393
0eae6ecc-a148-4840-acc5-d6ef0df1a53b,8,LARP-Scaler,33.6094970703125,0.8548286557197571,0.013549639843404293
0bcdc653-0908-4d94-a73d-e6ef44af41d4,8,LARP-Scaler,32.2881965637207,0.8661276698112488,0.010238888673484325
0fabbb3a-2d80-49d6-bb74-0db1884308b4,8,LARP-Scaler,38.35079574584961,0.9318016171455383,0.007460681721568108
1969798d-9f10-47c7-8174-f09edd723c4d,8,LARP-Scaler,29.87580108642578,0.5962774157524109,0.023913273587822914
000ffd84-5baa-410f-bcd4-f573b3ef1e90,8,LARP-Scaler,31.206972122192383,0.7974810600280762,0.017002316191792488
12dfd514-c8fd-43a0-9752-5c115499352c,8,LARP-Scaler,34.466217041015625,0.9478433132171631,0.008763004094362259
1a807899-4d50-4a4b-9889-4bdbaa295837,8,LARP-Scaler,34.406253814697266,0.8734266757965088,0.01201795693486929
08ea6679-7b6b-4a1b-91cd-c3b2cf7c8b2d,8,LARP-Scaler,19.933822631835938,0.22428499162197113,0.07603248953819275
0a18f121-1894-44bc-aed1-64803053eedd,8,LARP-Scaler,21.88418960571289,0.20587414503097534,0.06331450492143631
0e008abf-6508-4d15-b7ab-e16d0934e081,8,LARP-Scaler,30.87691307067871,0.8784038424491882,0.014917013235390186
05f94185-acdd-4e98-8922-541e095de4d2,8,LARP-Scaler,39.253055572509766,0.920604944229126,0.0076452293433249
0a0f23f3-dd52-4e51-87af-d1adc33eddec,8,LARP-Scaler,29.09058380126953,0.7031762599945068,0.020250791683793068
12943f83-8508-4341-aac5-6fe37ce3edc0,8,LARP-Scaler,30.104368209838867,0.8625228404998779,0.0114414282143116
1b1b640c-0d1b-48db-a038-04e7fc1e0833,8,LARP-Scaler,33.933326721191406,0.7838266491889954,0.014863790012896061
12304d70-1817-4fb4-96d7-6bbbd694abb9,8,LARP-Scaler,21.14079475402832,0.43945547938346863,0.06268585473299026
11800abf-3987-40ff-b410-ee7c0c899f0e,8,LARP-Scaler,38.07771682739258,0.960789144039154,0.0049150967970490456
08087bca-b1e9-4000-b5d5-913b1349eec6,8,LARP-Scaler,30.457122802734375,0.915814220905304,0.009984730742871761
04c9b3fc-cdd5-40e3-9306-46da4c1b3b25,8,LARP-Scaler,23.821928024291992,0.6880448460578918,0.035390641540288925
04e95b19-8f60-4f84-9cd1-0582adb58578,8,LARP-Scaler,27.365352630615234,0.7530575394630432,0.021930107846856117
14a76cb3-52f5-445c-a155-2e17b33403d6,8,LARP-Scaler,25.69493865966797,0.8133072853088379,0.024787969887256622
0f06820e-e836-4aeb-81b4-90c28295b48e,8,LARP-Scaler,25.368999481201172,0.5426482558250427,0.036259546875953674
1290c1c9-3d37-4a8b-8055-9f54769debd6,8,LARP-Scaler,31.166797637939453,0.7480995655059814,0.01826033741235733
17754e58-ac02-4a3b-9cda-bfea6af9409e,8,LARP-Scaler,36.956363677978516,0.9151937365531921,0.009012702852487564
01faa991-61f5-40be-ba65-ce64ae42befc,8,LARP-Scaler,35.250526428222656,0.884246826171875,0.010038419626653194
0d522483-8f40-4638-9f38-4e7d92876934,8,LARP-Scaler,28.012475967407227,0.8066336512565613,0.0212676003575325
12343c0c-0c8f-4a47-8a68-a65a1e4aa832,8,LARP-Scaler,30.15042495727539,0.8188677430152893,0.017658432945609093
164d1e74-efb3-4348-8612-02bf4b96efba,8,LARP-Scaler,31.4284610748291,0.6720882058143616,0.019576122984290123
19a76b64-f8cd-49c7-97d5-e552a4d679b6,8,LARP-Scaler,24.63544464111328,0.5832917094230652,0.03873017057776451
037e70af-62b9-4bd8-9d24-25133b5d5239,8,LARP-Scaler,31.985883712768555,0.8019461035728455,0.016785215586423874
03c4de9f-8ba2-48b8-b8c6-ac993fb47f70,8,LARP-Scaler,24.649368286132812,0.5764958262443542,0.04416058957576752
08a94143-5e92-4ab8-8551-41ea0bdf198c,8,LARP-Scaler,29.673892974853516,0.8253050446510315,0.0206074770539999
14b64765-efc1-4c01-8478-7a538c1705bb,8,LARP-Scaler,27.309707641601562,0.6629772782325745,0.028972215950489044
0f506845-e6d2-4a1d-bd73-d88664ddcc02,8,LARP-Scaler,27.685232162475586,0.6715555191040039,0.027715714648365974
04cfacf2-6f2a-49b9-ae66-6b1416d61097,8,LARP-Scaler,21.13695526123047,0.607591450214386,0.04151667654514313
13f659ca-400a-49e2-bfbc-ec6659a5634d,8,LARP-Scaler,27.59250831604004,0.6329328417778015,0.028582429513335228
0f7f0a0d-1d3d-4be7-9870-48625a3b0b20,8,LARP-Scaler,16.978679656982422,0.2409677952528,0.10989415645599365
18b03d8b-9df0-4438-ba27-fd54a9e6833a,8,LARP-Scaler,26.05647087097168,0.7845754027366638,0.024821674451231956
17421445-d983-4f0b-a7a1-a184f9efc5b5,8,LARP-Scaler,34.766639709472656,0.9201332926750183,0.01219478901475668
0ccbfb56-78d2-45f9-88b1-1849b71feed2,8,LARP-Scaler,31.712247848510742,0.8663321137428284,0.013796194456517696
192c9920-d370-4acb-b950-64122720343d,8,LARP-Scaler,23.394994735717773,0.5849849581718445,0.04227253794670105
0fb13d71-a78c-48fa-8680-244877311bd2,8,LARP-Scaler,30.40384292602539,0.8387638926506042,0.01663128472864628
130da723-8982-4a02-89c2-b267a9f6c2fb,8,LARP-Scaler,27.604042053222656,0.7681896686553955,0.0235588401556015
0b75a95e-82c4-481f-9dd7-6c5f2faaaff8,8,LARP-Scaler,26.02886199951172,0.7801230549812317,0.023990795016288757
1360ad02-4b4f-4a98-b1a9-9305909b857d,8,LARP-Scaler,17.593990325927734,0.6786646246910095,0.061781447380781174
0011ecff-6266-4895-b73c-5766d7109485,2,Bicubic,43.13813018798828,0.9640158414840698,0.004338119179010391
0011ecff-6266-4895-b73c-5766d7109485,2,Lanczos,43.44818878173828,0.9654356837272644,0.004239780828356743
0011ecff-6266-4895-b73c-5766d7109485,4,Bicubic,38.939186096191406,0.9374978542327881,0.0063528623431921005
0011ecff-6266-4895-b73c-5766d7109485,4,Lanczos,39.231842041015625,0.9380933046340942,0.006304375361651182
0011ecff-6266-4895-b73c-5766d7109485,8,Bicubic,35.12943649291992,0.9154123067855835,0.008099289610981941
0011ecff-6266-4895-b73c-5766d7109485,8,Lanczos,35.36331558227539,0.9153565168380737,0.008075214922428131
03f56ac9-b513-4476-bd25-665cd3e72244,2,Bicubic,38.46308898925781,0.9082317352294922,0.00835743360221386
03f56ac9-b513-4476-bd25-665cd3e72244,2,Lanczos,38.725582122802734,0.9144164323806763,0.008101364597678185
03f56ac9-b513-4476-bd25-665cd3e72244,4,Bicubic,35.527015686035156,0.8207609057426453,0.011819591745734215
03f56ac9-b513-4476-bd25-665cd3e72244,4,Lanczos,35.59355545043945,0.8231870532035828,0.011765949428081512
03f56ac9-b513-4476-bd25-665cd3e72244,8,Bicubic,34.365970611572266,0.7809326648712158,0.013330129906535149
03f56ac9-b513-4476-bd25-665cd3e72244,8,Lanczos,34.40504837036133,0.781409502029419,0.013330376707017422
0c01876d-809f-4dcb-85c9-3c9b56e36607,2,Bicubic,30.123085021972656,0.7741999626159668,0.017934618517756462
0c01876d-809f-4dcb-85c9-3c9b56e36607,2,Lanczos,30.361509323120117,0.7794312238693237,0.017706291750073433
0c01876d-809f-4dcb-85c9-3c9b56e36607,4,Bicubic,27.13324546813965,0.7022766470909119,0.022924726828932762
0c01876d-809f-4dcb-85c9-3c9b56e36607,4,Lanczos,27.283428192138672,0.7040534019470215,0.02281287871301174
0c01876d-809f-4dcb-85c9-3c9b56e36607,8,Bicubic,24.9698486328125,0.6520367860794067,0.027409475296735764
0c01876d-809f-4dcb-85c9-3c9b56e36607,8,Lanczos,25.089693069458008,0.6529279947280884,0.027273526415228844
0a514f6f-0493-44b7-b3e5-57e6eb23f5df,2,Bicubic,32.415016174316406,0.8347105383872986,0.01690538600087166
0a514f6f-0493-44b7-b3e5-57e6eb23f5df,2,Lanczos,32.595947265625,0.845183789730072,0.016521699726581573
0a514f6f-0493-44b7-b3e5-57e6eb23f5df,4,Bicubic,30.404760360717773,0.7080049514770508,0.021646924316883087
0a514f6f-0493-44b7-b3e5-57e6eb23f5df,4,Lanczos,30.43841552734375,0.7115980982780457,0.02156515046954155
0a514f6f-0493-44b7-b3e5-57e6eb23f5df,8,Bicubic,29.64543342590332,0.6610952615737915,0.023432975634932518
0a514f6f-0493-44b7-b3e5-57e6eb23f5df,8,Lanczos,29.71377182006836,0.6626214981079102,0.023316023871302605
0eae6ecc-a148-4840-acc5-d6ef0df1a53b,2,Bicubic,44.37681198120117,0.9830150604248047,0.003944992087781429
0eae6ecc-a148-4840-acc5-d6ef0df1a53b,2,Lanczos,44.964595794677734,0.9846755266189575,0.0037317730020731688
0eae6ecc-a148-4840-acc5-d6ef0df1a53b,4,Bicubic,38.041595458984375,0.9377579689025879,0.00801484752446413
0eae6ecc-a148-4840-acc5-d6ef0df1a53b,4,Lanczos,38.39625930786133,0.9418104887008667,0.0077947876416146755
0eae6ecc-a148-4840-acc5-d6ef0df1a53b,8,Bicubic,33.697349548339844,0.8547546863555908,0.012661176733672619
0eae6ecc-a148-4840-acc5-d6ef0df1a53b,8,Lanczos,33.92806625366211,0.8602184057235718,0.012419283390045166
0bcdc653-0908-4d94-a73d-e6ef44af41d4,2,Bicubic,42.10486602783203,0.990760326385498,0.002536023035645485
0bcdc653-0908-4d94-a73d-e6ef44af41d4,2,Lanczos,42.870758056640625,0.9920002818107605,0.0023686860222369432
0bcdc653-0908-4d94-a73d-e6ef44af41d4,4,Bicubic,35.73384094238281,0.9609219431877136,0.0054401857778429985
0bcdc653-0908-4d94-a73d-e6ef44af41d4,4,Lanczos,36.08465576171875,0.9637951850891113,0.005282582249492407
0bcdc653-0908-4d94-a73d-e6ef44af41d4,8,Bicubic,32.06922912597656,0.902726411819458,0.008914799429476261
0bcdc653-0908-4d94-a73d-e6ef44af41d4,8,Lanczos,32.21982955932617,0.9057521224021912,0.00879257544875145
0fabbb3a-2d80-49d6-bb74-0db1884308b4,2,Bicubic,43.4193229675293,0.9722907543182373,0.003956485539674759
0fabbb3a-2d80-49d6-bb74-0db1884308b4,2,Lanczos,43.67194747924805,0.9739091396331787,0.0038360129110515118
0fabbb3a-2d80-49d6-bb74-0db1884308b4,4,Bicubic,40.43204879760742,0.9471466541290283,0.005658471491187811
0fabbb3a-2d80-49d6-bb74-0db1884308b4,4,Lanczos,40.50614929199219,0.9475752711296082,0.005648682825267315
0fabbb3a-2d80-49d6-bb74-0db1884308b4,8,Bicubic,38.80583953857422,0.9348798990249634,0.006410717498511076
0fabbb3a-2d80-49d6-bb74-0db1884308b4,8,Lanczos,38.9100227355957,0.9351865649223328,0.006400451064109802
1969798d-9f10-47c7-8174-f09edd723c4d,2,Bicubic,32.646183013916016,0.7615364789962769,0.01790083944797516
1969798d-9f10-47c7-8174-f09edd723c4d,2,Lanczos,32.82617950439453,0.772803783416748,0.01752258650958538
1969798d-9f10-47c7-8174-f09edd723c4d,4,Bicubic,30.68149185180664,0.6379877328872681,0.022167494520545006
1969798d-9f10-47c7-8174-f09edd723c4d,4,Lanczos,30.726009368896484,0.641822099685669,0.022083919495344162
1969798d-9f10-47c7-8174-f09edd723c4d,8,Bicubic,29.947895050048828,0.5926011800765991,0.023617412894964218
1969798d-9f10-47c7-8174-f09edd723c4d,8,Lanczos,29.9777889251709,0.5948542952537537,0.02356312796473503
000ffd84-5baa-410f-bcd4-f573b3ef1e90,2,Bicubic,37.307899475097656,0.9251855611801147,0.008742853999137878
000ffd84-5baa-410f-bcd4-f573b3ef1e90,2,Lanczos,37.56987380981445,0.9290737509727478,0.008523238822817802
000ffd84-5baa-410f-bcd4-f573b3ef1e90,4,Bicubic,33.93653106689453,0.8650225400924683,0.012462366372346878
000ffd84-5baa-410f-bcd4-f573b3ef1e90,4,Lanczos,34.11960220336914,0.8681821823120117,0.012339212000370026
000ffd84-5baa-410f-bcd4-f573b3ef1e90,8,Bicubic,31.064678192138672,0.7949123382568359,0.016495540738105774
000ffd84-5baa-410f-bcd4-f573b3ef1e90,8,Lanczos,31.217870712280273,0.7976746559143066,0.01639038696885109
12dfd514-c8fd-43a0-9752-5c115499352c,2,Bicubic,47.3017692565918,0.9937335848808289,0.001924051670357585
12dfd514-c8fd-43a0-9752-5c115499352c,2,Lanczos,48.1156005859375,0.9940380454063416,0.0018400652334094048
12dfd514-c8fd-43a0-9752-5c115499352c,4,Bicubic,39.88996887207031,0.9823545217514038,0.003929417114704847
12dfd514-c8fd-43a0-9752-5c115499352c,4,Lanczos,40.37028884887695,0.9825354814529419,0.0038943104445934296
12dfd514-c8fd-43a0-9752-5c115499352c,8,Bicubic,34.20073318481445,0.95412677526474,0.007167672272771597
12dfd514-c8fd-43a0-9752-5c115499352c,8,Lanczos,34.61262893676758,0.9536218047142029,0.007131222635507584
1a807899-4d50-4a4b-9889-4bdbaa295837,2,Bicubic,45.61053466796875,0.9851204752922058,0.003443972673267126
1a807899-4d50-4a4b-9889-4bdbaa295837,2,Lanczos,46.33316421508789,0.9869064688682556,0.003170566400513053
1a807899-4d50-4a4b-9889-4bdbaa295837,4,Bicubic,38.910316467285156,0.9474540948867798,0.0070968810468912125
1a807899-4d50-4a4b-9889-4bdbaa295837,4,Lanczos,39.29975509643555,0.951370120048523,0.006868707947432995
1a807899-4d50-4a4b-9889-4bdbaa295837,8,Bicubic,34.34142303466797,0.8677325248718262,0.01148119568824768
1a807899-4d50-4a4b-9889-4bdbaa295837,8,Lanczos,34.55945587158203,0.8728272318840027,0.011271730065345764
08ea6679-7b6b-4a1b-91cd-c3b2cf7c8b2d,2,Bicubic,23.84258460998535,0.6744639277458191,0.050733089447021484
08ea6679-7b6b-4a1b-91cd-c3b2cf7c8b2d,2,Lanczos,24.063465118408203,0.699668288230896,0.049434177577495575
08ea6679-7b6b-4a1b-91cd-c3b2cf7c8b2d,4,Bicubic,21.350543975830078,0.3896830976009369,0.06669633090496063
08ea6679-7b6b-4a1b-91cd-c3b2cf7c8b2d,4,Lanczos,21.45569610595703,0.40738219022750854,0.06614550948143005
08ea6679-7b6b-4a1b-91cd-c3b2cf7c8b2d,8,Bicubic,19.857694625854492,0.2030349224805832,0.07576962560415268
08ea6679-7b6b-4a1b-91cd-c3b2cf7c8b2d,8,Lanczos,19.913545608520508,0.21186161041259766,0.07570785284042358
0a18f121-1894-44bc-aed1-64803053eedd,2,Bicubic,24.611125946044922,0.6455695629119873,0.045916490256786346
0a18f121-1894-44bc-aed1-64803053eedd,2,Lanczos,24.844205856323242,0.6772817373275757,0.04459207504987717
0a18f121-1894-44bc-aed1-64803053eedd,4,Bicubic,22.411916732788086,0.31109631061553955,0.05962400883436203
0a18f121-1894-44bc-aed1-64803053eedd,4,Lanczos,22.44460678100586,0.32382404804229736,0.059378933161497116
0a18f121-1894-44bc-aed1-64803053eedd,8,Bicubic,21.882102966308594,0.19746056199073792,0.063296839594841
0a18f121-1894-44bc-aed1-64803053eedd,8,Lanczos,21.897308349609375,0.20088791847229004,0.06320508569478989
0e008abf-6508-4d15-b7ab-e16d0934e081,2,Bicubic,39.700313568115234,0.9806021451950073,0.005271904170513153
0e008abf-6508-4d15-b7ab-e16d0934e081,2,Lanczos,40.18968200683594,0.9820381999015808,0.005073409527540207
0e008abf-6508-4d15-b7ab-e16d0934e081,4,Bicubic,34.388797760009766,0.9426811933517456,0.009301740676164627
0e008abf-6508-4d15-b7ab-e16d0934e081,4,Lanczos,34.67715835571289,0.9459758996963501,0.00912422314286232
0e008abf-6508-4d15-b7ab-e16d0934e081,8,Bicubic,30.764522552490234,0.8739743232727051,0.013885796070098877
0e008abf-6508-4d15-b7ab-e16d0934e081,8,Lanczos,30.949329376220703,0.8782739043235779,0.013687136583030224
05f94185-acdd-4e98-8922-541e095de4d2,2,Bicubic,44.103431701660156,0.9644255638122559,0.004504213109612465
05f94185-acdd-4e98-8922-541e095de4d2,2,Lanczos,44.33839797973633,0.9663998484611511,0.004375424701720476
05f94185-acdd-4e98-8922-541e095de4d2,4,Bicubic,41.30628967285156,0.9357420802116394,0.006271205376833677
05f94185-acdd-4e98-8922-541e095de4d2,4,Lanczos,41.376808166503906,0.9360338449478149,0.006260508205741644
05f94185-acdd-4e98-8922-541e095de4d2,8,Bicubic,39.629268646240234,0.9243213534355164,0.0070049576461315155
05f94185-acdd-4e98-8922-541e095de4d2,8,Lanczos,39.751895904541016,0.9243570566177368,0.006998288445174694
0a0f23f3-dd52-4e51-87af-d1adc33eddec,2,Bicubic,35.224185943603516,0.9081953763961792,0.0109338304027915
0a0f23f3-dd52-4e51-87af-d1adc33eddec,2,Lanczos,35.7955322265625,0.9171144366264343,0.010368011891841888
0a0f23f3-dd52-4e51-87af-d1adc33eddec,4,Bicubic,30.41510581970215,0.7699627876281738,0.01755952462553978
0a0f23f3-dd52-4e51-87af-d1adc33eddec,4,Lanczos,30.473995208740234,0.7737829089164734,0.01750897243618965
0a0f23f3-dd52-4e51-87af-d1adc33eddec,8,Bicubic,29.192066192626953,0.7073571085929871,0.019604355096817017
0a0f23f3-dd52-4e51-87af-d1adc33eddec,8,Lanczos,29.21460723876953,0.7086261510848999,0.019586613401770592
12943f83-8508-4341-aac5-6fe37ce3edc0,2,Bicubic,32.793941497802734,0.9257082939147949,0.007988695986568928
12943f83-8508-4341-aac5-6fe37ce3edc0,2,Lanczos,32.971439361572266,0.9295262694358826,0.007849486544728279
12943f83-8508-4341-aac5-6fe37ce3edc0,4,Bicubic,30.914657592773438,0.8842120170593262,0.010001524351537228
12943f83-8508-4341-aac5-6fe37ce3edc0,4,Lanczos,30.958091735839844,0.8858062028884888,0.009975669905543327
12943f83-8508-4341-aac5-6fe37ce3edc0,8,Bicubic,29.983783721923828,0.85836261510849,0.011496750637888908
12943f83-8508-4341-aac5-6fe37ce3edc0,8,Lanczos,30.064373016357422,0.8604915142059326,0.011427149176597595
1b1b640c-0d1b-48db-a038-04e7fc1e0833,2,Bicubic,38.64749526977539,0.9104732871055603,0.009034678339958191
1b1b640c-0d1b-48db-a038-04e7fc1e0833,2,Lanczos,38.90692138671875,0.9167466163635254,0.008751885034143925
1b1b640c-0d1b-48db-a038-04e7fc1e0833,4,Bicubic,35.847801208496094,0.8293272852897644,0.012480780482292175
1b1b640c-0d1b-48db-a038-04e7fc1e0833,4,Lanczos,35.94668960571289,0.8319301605224609,0.012387489899992943
1b1b640c-0d1b-48db-a038-04e7fc1e0833,8,Bicubic,33.98604965209961,0.7876447439193726,0.014462757855653763
1b1b640c-0d1b-48db-a038-04e7fc1e0833,8,Lanczos,34.11499786376953,0.7887188792228699,0.01438891887664795
12304d70-1817-4fb4-96d7-6bbbd694abb9,2,Bicubic,28.84862518310547,0.9226527214050293,0.024601837620139122
12304d70-1817-4fb4-96d7-6bbbd694abb9,2,Lanczos,29.524425506591797,0.9356279373168945,0.022840892896056175
12304d70-1817-4fb4-96d7-6bbbd694abb9,4,Bicubic,23.43985366821289,0.6848294734954834,0.04659348726272583
12304d70-1817-4fb4-96d7-6bbbd694abb9,4,Lanczos,23.6190185546875,0.7044177055358887,0.04579971358180046
12304d70-1817-4fb4-96d7-6bbbd694abb9,8,Bicubic,21.16608428955078,0.42271798849105835,0.062249764800071716
12304d70-1817-4fb4-96d7-6bbbd694abb9,8,Lanczos,21.248394012451172,0.43687689304351807,0.06162383407354355
11800abf-3987-40ff-b410-ee7c0c899f0e,2,Bicubic,49.45977020263672,0.9931210875511169,0.001360527123324573
11800abf-3987-40ff-b410-ee7c0c899f0e,2,Lanczos,49.89799499511719,0.9933918714523315,0.0013300580903887749
11800abf-3987-40ff-b410-ee7c0c899f0e,4,Bicubic,43.2384147644043,0.9842332601547241,0.002444341080263257
11800abf-3987-40ff-b410-ee7c0c899f0e,4,Lanczos,43.711082458496094,0.9841793775558472,0.0024353796616196632
11800abf-3987-40ff-b410-ee7c0c899f0e,8,Bicubic,37.80544662475586,0.9731903076171875,0.003662608563899994
11800abf-3987-40ff-b410-ee7c0c899f0e,8,Lanczos,38.1965446472168,0.9724146723747253,0.0036862599663436413
08087bca-b1e9-4000-b5d5-913b1349eec6,2,Bicubic,39.22154235839844,0.9888302683830261,0.003241585101932287
08087bca-b1e9-4000-b5d5-913b1349eec6,2,Lanczos,39.93056106567383,0.9903424978256226,0.003044443903490901
08087bca-b1e9-4000-b5d5-913b1349eec6,4,Bicubic,33.318153381347656,0.9580291509628296,0.006393145769834518
08087bca-b1e9-4000-b5d5-913b1349eec6,4,Lanczos,33.56380081176758,0.9605381488800049,0.006257618777453899
08087bca-b1e9-4000-b5d5-913b1349eec6,8,Bicubic,30.28740882873535,0.9124706983566284,0.009661456570029259
08087bca-b1e9-4000-b5d5-913b1349eec6,8,Lanczos,30.4228572845459,0.914996325969696,0.009526286274194717
04c9b3fc-cdd5-40e3-9306-46da4c1b3b25,2,Bicubic,32.08401870727539,0.936378002166748,0.014658658765256405
04c9b3fc-cdd5-40e3-9306-46da4c1b3b25,2,Lanczos,32.659690856933594,0.9422048330307007,0.013980577699840069
04c9b3fc-cdd5-40e3-9306-46da4c1b3b25,4,Bicubic,26.936695098876953,0.8346027731895447,0.02467828057706356
04c9b3fc-cdd5-40e3-9306-46da4c1b3b25,4,Lanczos,27.201171875,0.8434563875198364,0.02419007197022438
04c9b3fc-cdd5-40e3-9306-46da4c1b3b25,8,Bicubic,23.662261962890625,0.6808021068572998,0.03557887300848961
04c9b3fc-cdd5-40e3-9306-46da4c1b3b25,8,Lanczos,23.811399459838867,0.690972089767456,0.03506910055875778
04e95b19-8f60-4f84-9cd1-0582adb58578,2,Bicubic,34.302181243896484,0.9349859952926636,0.010323120281100273
04e95b19-8f60-4f84-9cd1-0582adb58578,2,Lanczos,34.75366973876953,0.9405724406242371,0.009948594495654106
04e95b19-8f60-4f84-9cd1-0582adb58578,4,Bicubic,29.911457061767578,0.849617600440979,0.015874719247221947
04e95b19-8f60-4f84-9cd1-0582adb58578,4,Lanczos,30.097562789916992,0.8565348982810974,0.015661068260669708
04e95b19-8f60-4f84-9cd1-0582adb58578,8,Bicubic,27.252309799194336,0.7417035102844238,0.021476726979017258
04e95b19-8f60-4f84-9cd1-0582adb58578,8,Lanczos,27.365942001342773,0.7482683062553406,0.021265342831611633
14a76cb3-52f5-445c-a155-2e17b33403d6,2,Bicubic,36.68608093261719,0.9838074445724487,0.006132574751973152
14a76cb3-52f5-445c-a155-2e17b33403d6,2,Lanczos,37.48067855834961,0.985851526260376,0.005707952193915844
14a76cb3-52f5-445c-a155-2e17b33403d6,4,Bicubic,29.86194610595703,0.930779218673706,0.013522202149033546
14a76cb3-52f5-445c-a155-2e17b33403d6,4,Lanczos,30.167510986328125,0.9344649314880371,0.013187326490879059
14a76cb3-52f5-445c-a155-2e17b33403d6,8,Bicubic,25.40736198425293,0.8150671720504761,0.024623852223157883
14a76cb3-52f5-445c-a155-2e17b33403d6,8,Lanczos,25.653369903564453,0.8195323944091797,0.024047164246439934
0f06820e-e836-4aeb-81b4-90c28295b48e,2,Bicubic,27.857444763183594,0.6915618181228638,0.028410445898771286
0f06820e-e836-4aeb-81b4-90c28295b48e,2,Lanczos,27.948467254638672,0.7000691294670105,0.02817431651055813
0f06820e-e836-4aeb-81b4-90c28295b48e,4,Bicubic,26.482534408569336,0.5974022746086121,0.03262581676244736
0f06820e-e836-4aeb-81b4-90c28295b48e,4,Lanczos,26.541988372802734,0.6020629405975342,0.032485075294971466
0f06820e-e836-4aeb-81b4-90c28295b48e,8,Bicubic,25.335330963134766,0.5353304147720337,0.036124058067798615
0f06820e-e836-4aeb-81b4-90c28295b48e,8,Lanczos,25.40900230407715,0.5405337810516357,0.0359012633562088
1290c1c9-3d37-4a8b-8055-9f54769debd6,2,Bicubic,33.18789291381836,0.8294717073440552,0.014196693897247314
1290c1c9-3d37-4a8b-8055-9f54769debd6,2,Lanczos,33.26301574707031,0.8340566158294678,0.014062589034438133
1290c1c9-3d37-4a8b-8055-9f54769debd6,4,Bicubic,32.033687591552734,0.7755128741264343,0.016400132328271866
1290c1c9-3d37-4a8b-8055-9f54769debd6,4,Lanczos,32.07530212402344,0.7772901058197021,0.016354475170373917
1290c1c9-3d37-4a8b-8055-9f54769debd6,8,Bicubic,31.16103172302246,0.7468401789665222,0.017815113067626953
1290c1c9-3d37-4a8b-8055-9f54769debd6,8,Lanczos,31.235200881958008,0.7484215497970581,0.01775376871228218
17754e58-ac02-4a3b-9cda-bfea6af9409e,2,Bicubic,47.258033752441406,0.9859956502914429,0.0027219653129577637
17754e58-ac02-4a3b-9cda-bfea6af9409e,2,Lanczos,47.64433288574219,0.9870721697807312,0.0026503424160182476
17754e58-ac02-4a3b-9cda-bfea6af9409e,4,Bicubic,41.628753662109375,0.9573013782501221,0.005486433394253254
17754e58-ac02-4a3b-9cda-bfea6af9409e,4,Lanczos,41.95088195800781,0.9588041305541992,0.005366635974496603
17754e58-ac02-4a3b-9cda-bfea6af9409e,8,Bicubic,37.020687103271484,0.9195325374603271,0.008280023001134396
17754e58-ac02-4a3b-9cda-bfea6af9409e,8,Lanczos,37.263343811035156,0.920160174369812,0.008223697543144226
01faa991-61f5-40be-ba65-ce64ae42befc,2,Bicubic,45.04728698730469,0.9788182973861694,0.0035861306823790073
01faa991-61f5-40be-ba65-ce64ae42befc,2,Lanczos,45.64775848388672,0.98094642162323,0.0033504783641546965
01faa991-61f5-40be-ba65-ce64ae42befc,4,Bicubic,39.30321502685547,0.939957320690155,0.006376870907843113
01faa991-61f5-40be-ba65-ce64ae42befc,4,Lanczos,39.65338897705078,0.9427434802055359,0.006202186457812786
01faa991-61f5-40be-ba65-ce64ae42befc,8,Bicubic,35.125762939453125,0.8809645175933838,0.009533531963825226
01faa991-61f5-40be-ba65-ce64ae42befc,8,Lanczos,35.31609344482422,0.8843295574188232,0.009375604800879955
0d522483-8f40-4638-9f38-4e7d92876934,2,Bicubic,37.93836212158203,0.9779559969902039,0.006657296326011419
0d522483-8f40-4638-9f38-4e7d92876934,2,Lanczos,38.78942108154297,0.9807649850845337,0.006191391497850418
0d522483-8f40-4638-9f38-4e7d92876934,4,Bicubic,31.196287155151367,0.9142707586288452,0.013520792126655579
0d522483-8f40-4638-9f38-4e7d92876934,4,Lanczos,31.48443603515625,0.9208385348320007,0.013172335922718048
0d522483-8f40-4638-9f38-4e7d92876934,8,Bicubic,27.897165298461914,0.7944464683532715,0.020966937765479088
0d522483-8f40-4638-9f38-4e7d92876934,8,Lanczos,28.0202579498291,0.8023940920829773,0.020576411858201027
12343c0c-0c8f-4a47-8a68-a65a1e4aa832,2,Bicubic,36.970947265625,0.9389820098876953,0.009030403569340706
12343c0c-0c8f-4a47-8a68-a65a1e4aa832,2,Lanczos,37.39958953857422,0.9428349733352661,0.008694171905517578
12343c0c-0c8f-4a47-8a68-a65a1e4aa832,4,Bicubic,32.74536895751953,0.8787943124771118,0.013497747480869293
12343c0c-0c8f-4a47-8a68-a65a1e4aa832,4,Lanczos,32.93101119995117,0.8826229572296143,0.013313489966094494
12343c0c-0c8f-4a47-8a68-a65a1e4aa832,8,Bicubic,30.13187599182129,0.8149532079696655,0.01715543493628502
12343c0c-0c8f-4a47-8a68-a65a1e4aa832,8,Lanczos,30.28520393371582,0.8198213577270508,0.016913842409849167
164d1e74-efb3-4348-8612-02bf4b96efba,2,Bicubic,32.19322967529297,0.7277407646179199,0.017566028982400894
164d1e74-efb3-4348-8612-02bf4b96efba,2,Lanczos,32.2233772277832,0.7315912246704102,0.01748836785554886
164d1e74-efb3-4348-8612-02bf4b96efba,4,Bicubic,31.600204467773438,0.6787216067314148,0.019025692716240883
164d1e74-efb3-4348-8612-02bf4b96efba,4,Lanczos,31.600910186767578,0.678990364074707,0.019025452435016632
164d1e74-efb3-4348-8612-02bf4b96efba,8,Bicubic,31.541519165039062,0.6737254858016968,0.01921319030225277
164d1e74-efb3-4348-8612-02bf4b96efba,8,Lanczos,31.54180908203125,0.6738481521606445,0.01921449974179268
19a76b64-f8cd-49c7-97d5-e552a4d679b6,2,Bicubic,30.535926818847656,0.8625056147575378,0.02083621546626091
19a76b64-f8cd-49c7-97d5-e552a4d679b6,2,Lanczos,30.8829402923584,0.8724936246871948,0.020140308886766434
19a76b64-f8cd-49c7-97d5-e552a4d679b6,4,Bicubic,26.8590145111084,0.7196868658065796,0.030610647052526474
19a76b64-f8cd-49c7-97d5-e552a4d679b6,4,Lanczos,27.02895164489746,0.7309532165527344,0.030123122036457062
19a76b64-f8cd-49c7-97d5-e552a4d679b6,8,Bicubic,24.531496047973633,0.5663458108901978,0.03901587426662445
19a76b64-f8cd-49c7-97d5-e552a4d679b6,8,Lanczos,24.634124755859375,0.5760283470153809,0.03860614448785782
037e70af-62b9-4bd8-9d24-25133b5d5239,2,Bicubic,36.36980438232422,0.9033459424972534,0.010317262262105942
037e70af-62b9-4bd8-9d24-25133b5d5239,2,Lanczos,36.501461029052734,0.9071943759918213,0.010151758790016174
037e70af-62b9-4bd8-9d24-25133b5d5239,4,Bicubic,34.417030334472656,0.8535609245300293,0.012962385080754757
037e70af-62b9-4bd8-9d24-25133b5d5239,4,Lanczos,34.5245361328125,0.8551462888717651,0.012890858575701714
037e70af-62b9-4bd8-9d24-25133b5d5239,8,Bicubic,31.791484832763672,0.8074206113815308,0.016223005950450897
037e70af-62b9-4bd8-9d24-25133b5d5239,8,Lanczos,32.08734893798828,0.8097355365753174,0.016011912375688553
03c4de9f-8ba2-48b8-b8c6-ac993fb47f70,2,Bicubic,37.56952667236328,0.9738005995750427,0.01033396553248167
03c4de9f-8ba2-48b8-b8c6-ac993fb47f70,2,Lanczos,38.600502014160156,0.9793664813041687,0.00916416384279728
03c4de9f-8ba2-48b8-b8c6-ac993fb47f70,4,Bicubic,29.402122497558594,0.8388788104057312,0.025981595739722252
03c4de9f-8ba2-48b8-b8c6-ac993fb47f70,4,Lanczos,29.874385833740234,0.8555768728256226,0.024753987789154053
03c4de9f-8ba2-48b8-b8c6-ac993fb47f70,8,Bicubic,24.519386291503906,0.5531612038612366,0.044568151235580444
03c4de9f-8ba2-48b8-b8c6-ac993fb47f70,8,Lanczos,24.72394561767578,0.5717660784721375,0.043634526431560516
08a94143-5e92-4ab8-8551-41ea0bdf198c,2,Bicubic,40.06855773925781,0.9698138236999512,0.00716679310426116
08a94143-5e92-4ab8-8551-41ea0bdf198c,2,Lanczos,40.74756622314453,0.974104106426239,0.006644773297011852
08a94143-5e92-4ab8-8551-41ea0bdf198c,4,Bicubic,33.90444564819336,0.899991512298584,0.013706201687455177
08a94143-5e92-4ab8-8551-41ea0bdf198c,4,Lanczos,34.23278045654297,0.9035816192626953,0.01341690868139267
08a94143-5e92-4ab8-8551-41ea0bdf198c,8,Bicubic,29.480831146240234,0.8195340037345886,0.02040252462029457
08a94143-5e92-4ab8-8551-41ea0bdf198c,8,Lanczos,29.743459701538086,0.8262259364128113,0.019925763830542564
14b64765-efc1-4c01-8478-7a538c1705bb,2,Bicubic,32.71784210205078,0.8291633129119873,0.017458096146583557
14b64765-efc1-4c01-8478-7a538c1705bb,2,Lanczos,32.88189697265625,0.8375476598739624,0.017117939889431
14b64765-efc1-4c01-8478-7a538c1705bb,4,Bicubic,30.359634399414062,0.7334806323051453,0.022519182413816452
14b64765-efc1-4c01-8478-7a538c1705bb,4,Lanczos,30.559497833251953,0.7372307181358337,0.02218969538807869
14b64765-efc1-4c01-8478-7a538c1705bb,8,Bicubic,27.09368133544922,0.6570875644683838,0.029247796162962914
14b64765-efc1-4c01-8478-7a538c1705bb,8,Lanczos,27.28508758544922,0.6627940535545349,0.028797714039683342
0f506845-e6d2-4a1d-bd73-d88664ddcc02,2,Bicubic,38.591373443603516,0.9744729399681091,0.007489727344363928
0f506845-e6d2-4a1d-bd73-d88664ddcc02,2,Lanczos,39.52492141723633,0.9792135953903198,0.0067825922742486
0f506845-e6d2-4a1d-bd73-d88664ddcc02,4,Bicubic,31.188148498535156,0.8534682989120483,0.017893193289637566
0f506845-e6d2-4a1d-bd73-d88664ddcc02,4,Lanczos,31.45953941345215,0.8633331060409546,0.01745116524398327
0f506845-e6d2-4a1d-bd73-d88664ddcc02,8,Bicubic,27.56899070739746,0.6626079082489014,0.02749469503760338
0f506845-e6d2-4a1d-bd73-d88664ddcc02,8,Lanczos,27.68735694885254,0.6683202981948853,0.027310213074088097
04cfacf2-6f2a-49b9-ae66-6b1416d61097,2,Bicubic,28.91727638244629,0.803729772567749,0.02154681086540222
04cfacf2-6f2a-49b9-ae66-6b1416d61097,2,Lanczos,29.46929931640625,0.8139128684997559,0.02069110795855522
04cfacf2-6f2a-49b9-ae66-6b1416d61097,4,Bicubic,23.910579681396484,0.6784231662750244,0.03295649588108063
04cfacf2-6f2a-49b9-ae66-6b1416d61097,4,Lanczos,24.18849754333496,0.683745265007019,0.03233800828456879
04cfacf2-6f2a-49b9-ae66-6b1416d61097,8,Bicubic,20.96367835998535,0.6025129556655884,0.04222453385591507
04cfacf2-6f2a-49b9-ae66-6b1416d61097,8,Lanczos,21.072912216186523,0.6057615280151367,0.04177725315093994
13f659ca-400a-49e2-bfbc-ec6659a5634d,2,Bicubic,36.686275482177734,0.9296550154685974,0.01124447863548994
13f659ca-400a-49e2-bfbc-ec6659a5634d,2,Lanczos,37.329833984375,0.9392867088317871,0.010471063666045666
13f659ca-400a-49e2-bfbc-ec6659a5634d,4,Bicubic,30.954280853271484,0.7759463787078857,0.020735803991556168
13f659ca-400a-49e2-bfbc-ec6659a5634d,4,Lanczos,31.22532081604004,0.7866174578666687,0.020244542509317398
13f659ca-400a-49e2-bfbc-ec6659a5634d,8,Bicubic,27.502477645874023,0.620029628276825,0.02874482236802578
13f659ca-400a-49e2-bfbc-ec6659a5634d,8,Lanczos,27.646747589111328,0.6279173493385315,0.02838822826743126
0f7f0a0d-1d3d-4be7-9870-48625a3b0b20,2,Bicubic,20.1589412689209,0.6507436037063599,0.07810257375240326
0f7f0a0d-1d3d-4be7-9870-48625a3b0b20,2,Lanczos,20.339588165283203,0.672385573387146,0.0759703516960144
0f7f0a0d-1d3d-4be7-9870-48625a3b0b20,4,Bicubic,17.97076988220215,0.39458680152893066,0.10022717714309692
0f7f0a0d-1d3d-4be7-9870-48625a3b0b20,4,Lanczos,18.03737449645996,0.4116032123565674,0.0994979590177536
0f7f0a0d-1d3d-4be7-9870-48625a3b0b20,8,Bicubic,16.93074607849121,0.2185966968536377,0.11069253087043762
0f7f0a0d-1d3d-4be7-9870-48625a3b0b20,8,Lanczos,16.97014617919922,0.22904708981513977,0.11016792058944702
18b03d8b-9df0-4438-ba27-fd54a9e6833a,2,Bicubic,34.8985710144043,0.9757519960403442,0.008053738623857498
18b03d8b-9df0-4438-ba27-fd54a9e6833a,2,Lanczos,35.604190826416016,0.979083240032196,0.0075281462632119656
18b03d8b-9df0-4438-ba27-fd54a9e6833a,4,Bicubic,28.877155303955078,0.9023243188858032,0.01608557626605034
18b03d8b-9df0-4438-ba27-fd54a9e6833a,4,Lanczos,29.112560272216797,0.9093899726867676,0.015699895098805428
18b03d8b-9df0-4438-ba27-fd54a9e6833a,8,Bicubic,25.94324493408203,0.7748729586601257,0.024519558995962143
18b03d8b-9df0-4438-ba27-fd54a9e6833a,8,Lanczos,26.051124572753906,0.7819353938102722,0.024155041202902794
17421445-d983-4f0b-a7a1-a184f9efc5b5,2,Bicubic,43.743316650390625,0.9831204414367676,0.00434595812112093
17421445-d983-4f0b-a7a1-a184f9efc5b5,2,Lanczos,44.02806854248047,0.9839696884155273,0.004221250303089619
17421445-d983-4f0b-a7a1-a184f9efc5b5,4,Bicubic,39.61862564086914,0.9633490443229675,0.006912738084793091
17421445-d983-4f0b-a7a1-a184f9efc5b5,4,Lanczos,39.887332916259766,0.9645605087280273,0.006784999277442694
17421445-d983-4f0b-a7a1-a184f9efc5b5,8,Bicubic,34.798274993896484,0.9220303893089294,0.011299198493361473
17421445-d983-4f0b-a7a1-a184f9efc5b5,8,Lanczos,35.21220397949219,0.9250828623771667,0.010980753228068352
0ccbfb56-78d2-45f9-88b1-1849b71feed2,2,Bicubic,37.202606201171875,0.9484777450561523,0.007571332156658173
0ccbfb56-78d2-45f9-88b1-1849b71feed2,2,Lanczos,37.46337890625,0.9509615898132324,0.007399225607514381
0ccbfb56-78d2-45f9-88b1-1849b71feed2,4,Bicubic,34.047855377197266,0.9095494151115417,0.010285081341862679
0ccbfb56-78d2-45f9-88b1-1849b71feed2,4,Lanczos,34.19395446777344,0.9121350646018982,0.010178799740970135
0ccbfb56-78d2-45f9-88b1-1849b71feed2,8,Bicubic,31.734722137451172,0.8653702139854431,0.012988856993615627
0ccbfb56-78d2-45f9-88b1-1849b71feed2,8,Lanczos,31.875181198120117,0.8685274124145508,0.012836049310863018
192c9920-d370-4acb-b950-64122720343d,2,Bicubic,30.883377075195312,0.9062680006027222,0.01872696541249752
192c9920-d370-4acb-b950-64122720343d,2,Lanczos,31.367061614990234,0.9156448245048523,0.017774885520339012
192c9920-d370-4acb-b950-64122720343d,4,Bicubic,26.03818130493164,0.7472557425498962,0.03175806999206543
192c9920-d370-4acb-b950-64122720343d,4,Lanczos,26.24241828918457,0.7589787244796753,0.031168386340141296
192c9920-d370-4acb-b950-64122720343d,8,Bicubic,23.29607391357422,0.5684491395950317,0.04260155186057091
192c9920-d370-4acb-b950-64122720343d,8,Lanczos,23.401920318603516,0.5774035453796387,0.04214821383357048
0fb13d71-a78c-48fa-8680-244877311bd2,2,Bicubic,36.74268341064453,0.9236992597579956,0.008339108899235725
0fb13d71-a78c-48fa-8680-244877311bd2,2,Lanczos,36.966941833496094,0.9263780117034912,0.008205799385905266
0fb13d71-a78c-48fa-8680-244877311bd2,4,Bicubic,33.780677795410156,0.8863904476165771,0.011256563477218151
0fb13d71-a78c-48fa-8680-244877311bd2,4,Lanczos,34.00733184814453,0.8872379064559937,0.011195046827197075
0fb13d71-a78c-48fa-8680-244877311bd2,8,Bicubic,30.143335342407227,0.8428329229354858,0.015819888561964035
0fb13d71-a78c-48fa-8680-244877311bd2,8,Lanczos,30.46217155456543,0.8434447050094604,0.015667563304305077
130da723-8982-4a02-89c2-b267a9f6c2fb,2,Bicubic,36.334320068359375,0.9646958112716675,0.008716005831956863
130da723-8982-4a02-89c2-b267a9f6c2fb,2,Lanczos,37.021453857421875,0.969265341758728,0.008164837025105953
130da723-8982-4a02-89c2-b267a9f6c2fb,4,Bicubic,30.69039535522461,0.8800832629203796,0.016208363696932793
130da723-8982-4a02-89c2-b267a9f6c2fb,4,Lanczos,30.94666290283203,0.8875188231468201,0.015856236219406128
130da723-8982-4a02-89c2-b267a9f6c2fb,8,Bicubic,27.440034866333008,0.7568037509918213,0.023497482761740685
130da723-8982-4a02-89c2-b267a9f6c2fb,8,Lanczos,27.592853546142578,0.764107882976532,0.023155009374022484
0b75a95e-82c4-481f-9dd7-6c5f2faaaff8,2,Bicubic,34.36906051635742,0.970935583114624,0.00829374697059393
0b75a95e-82c4-481f-9dd7-6c5f2faaaff8,2,Lanczos,35.02099609375,0.9745967388153076,0.007841017097234726
0b75a95e-82c4-481f-9dd7-6c5f2faaaff8,4,Bicubic,28.74763298034668,0.8885846138000488,0.01627238467335701
0b75a95e-82c4-481f-9dd7-6c5f2faaaff8,4,Lanczos,28.97658920288086,0.8955070376396179,0.015951624140143394
0b75a95e-82c4-481f-9dd7-6c5f2faaaff8,8,Bicubic,25.900907516479492,0.7723211050033569,0.023685283958911896
0b75a95e-82c4-481f-9dd7-6c5f2faaaff8,8,Lanczos,26.0183162689209,0.7781187891960144,0.023412203416228294
1360ad02-4b4f-4a98-b1a9-9305909b857d,2,Bicubic,24.85567855834961,0.9183971285820007,0.025663239881396294
1360ad02-4b4f-4a98-b1a9-9305909b857d,2,Lanczos,25.56290054321289,0.9266246557235718,0.024040354415774345
1360ad02-4b4f-4a98-b1a9-9305909b857d,4,Bicubic,19.649051666259766,0.7850925326347351,0.04772233963012695
1360ad02-4b4f-4a98-b1a9-9305909b857d,4,Lanczos,19.84477424621582,0.7927159667015076,0.04660573601722717
1360ad02-4b4f-4a98-b1a9-9305909b857d,8,Bicubic,17.481082916259766,0.6715613603591919,0.06288918107748032
1360ad02-4b4f-4a98-b1a9-9305909b857d,8,Lanczos,17.546594619750977,0.6752810478210449,0.062224678695201874
